-- phpMyAdmin SQL Dump
-- version 4.2.7.1
-- http://www.phpmyadmin.net
--
-- Хост: 127.0.0.1
-- Время создания: Янв 20 2016 г., 09:12
-- Версия сервера: 5.6.20
-- Версия PHP: 5.5.15

SET SQL_MODE = "NO_AUTO_VALUE_ON_ZERO";
SET time_zone = "+00:00";


/*!40101 SET @OLD_CHARACTER_SET_CLIENT=@@CHARACTER_SET_CLIENT */;
/*!40101 SET @OLD_CHARACTER_SET_RESULTS=@@CHARACTER_SET_RESULTS */;
/*!40101 SET @OLD_COLLATION_CONNECTION=@@COLLATION_CONNECTION */;
/*!40101 SET NAMES utf8 */;

--
-- База данных: `phti`
--

-- --------------------------------------------------------

--
-- Структура таблицы `department`
--

CREATE TABLE IF NOT EXISTS `department` (
`id` int(6) unsigned NOT NULL,
  `parent_id` int(6) unsigned NOT NULL,
  `type` int(2) unsigned NOT NULL DEFAULT '1',
  `name_ru` varchar(150) NOT NULL,
  `name_en` varchar(150) NOT NULL,
  `url` varchar(150) NOT NULL,
  `priority` int(2) NOT NULL DEFAULT '0',
  `desсription_ru` text NOT NULL,
  `desсription_en` text NOT NULL,
  `contact_ru` text NOT NULL,
  `contact_en` text NOT NULL,
  `manager_ru` varchar(150) NOT NULL,
  `manager_en` varchar(150) NOT NULL
) ENGINE=InnoDB  DEFAULT CHARSET=utf8 AUTO_INCREMENT=39 ;

--
-- Дамп данных таблицы `department`
--

INSERT INTO `department` (`id`, `parent_id`, `type`, `name_ru`, `name_en`, `url`, `priority`, `desсription_ru`, `desсription_en`, `contact_ru`, `contact_en`, `manager_ru`, `manager_en`) VALUES
(1, 0, 0, 'Лаборатория лазерной обработки материалов', 'Laboratory of laser materials processing', 'laboratory-of-laser-materials-processing', 0, '', '', '', '', '', ''),
(2, 0, 0, 'Лаборатория микрокристаллических и аморфных материалов', 'Laboratory of micro crystalline and amorphous materials', 'laboratory-micro-crystalline-and-amorphous-materials', 0, '', '', '', '', '', ''),
(3, 0, 0, 'Лаборатория прикладной механики', 'Laboratory of Applied Mechanics', 'laboratory-of-applied-mechanics', 0, '', '', '', '', '', ''),
(4, 0, 0, 'Лаборатория физики тонких плёнок и равновесных систем', 'Laboratory of physics of thin films and equilibrium systems', 'laboratory-of-thin-films-and-equilibrium-systems', 0, '', '', '', '', '', ''),
(5, 0, 1, 'Центр беспилотных авиационных комплексов и технологий', 'Unmanned aircraft system and technology', 'unmanned-aircraft-systems-and-technology', 0, '', '', '', '', '', ''),
(6, 0, 1, 'Центр индукционных технологий и проблем термической обработки', 'Center induction technologies and problems of heat treatment', 'induction-technology-and-heat-treatment-problems', 0, '', '', '', '', '', ''),
(7, 0, 1, 'Центр деформационных и литейных технологий', 'Center expansion and foundry technologies', 'deformation-and-foundry-technologies', 0, '', '', '', '', '', ''),
(8, 0, 1, 'Отдел объемных гетерогенных систем', 'Unit volume of heterogeneous systems', 'obemnye-geterogennye-sistemy', 0, '', '', '', '', '', ''),
(9, 0, 1, 'Отдел пучковых и плазменных технологий', 'Department of beam and plasma technology', 'puchkovye-i-plazmennye-tehnologii', 0, '', '', '', '', '', ''),
(10, 0, 1, 'Центр электронно-лучевых технологий и физики плазмы', 'The center of electron beam technology and plasma physics', 'jelektronno-luchevyh-tehnologij-i-fiziki-plaz', 0, 'Основные направления НИОКР <br>Фундаментальные исследования <br>•	Теоретическое и экспериментальное моделирование процессов обработки материалов потоками высоких энергий;<br>•	Структурно-фазовое состояние сталей и сплавов после их обработки потоками электронов, ионов и плазмы; <br>•	Создание новых материалов гетерогенного и градиентного типа для работы в экстремальных условиях;<br>•	Поведение модифицированных материалов при различных условиях внешнего нагружения в разнообразных средах;<br>•	Физикa и технология тонких пленок и покрытий;<br>•	Теория, методы и устройства получения алмазоподобных, многокомпонентных и многослойных покрытий;•	Спектроскопическая и зондовая диагностика гетерогенных плазменных потоков;<br>•	Создание новых тонкопленочных материалов для элементов и устройств технического и медико-биологического назначения.Разработка научных основ методов<br>•	электронно-лучевого (ЭЛ) модифицирования поверхности металлических материалов;•	ЭЛ формирования неразъемных соединений одно- и разнородных материалов, создания сверхпроводящих резонаторов для уникальных исследовательско-технологических мегаустановок и комплексов  класса мега-сайенс;<br>•	ионной химико-термической обработки сталей, чугунов, титановых сплавов;<br>•	формирования покрытий на текстильных материалах;<br>•	электролитно-плазменной полировки и электрохимического оксидирования цветных и черных металлов;<br>•	ЭЛ аддитивных (3D) технологий «передового производства».Прикладные исследования•	Разработка технологических основ объемного и поверхностного термоупрочнения сталей и сплавов, получения соединений металл-металл, керамика-основа с использованием потоков высоких энергий.<br>•	Разработка технологических основ получения новых материалов и покрытий на основе металлов и углерода вакуумными плазменными методами для повышения эксплуатационных характеристик деталей машин и механизмов, обрабатывающего инструмента, изделий медицинской техники.Разработка методов <br>•	переплава материалов с получением слитков из чистых и сверхчистых, в т.ч. из тугоплавких и химически активных металлов;•	поверхностного упрочнения (закалки поверхности изделий из сталей и чугунов, нанесения на стали и сплавы покрытий с широким диапазоном свойств);•	получения неразъемных соединений ответственных деталей путем ЭЛ сварки (отношение глубины сварного шва к ширине до 50:1, скорость 1-25 мм/с, прочность шва 0,9-1 от прочности основного металла);<br>•	активной пайки, обеспечивающей возможность получения качественного лезвийного инструмента с высокой прочностью соединения керамики с основой;•	.упрочняющей ионной химико-термической обработки сталей, чугунов, титановых сплавов;<br>•	Создание чувствительных элементов датчиков, сенсорных устройств и комплексов для применений в технике и медицине.<br>•	Формирование радиопоглощающих и биозащитных покрытий на текстильных материалах.<br>•	Физико-химические процессы электролитно-плазменной полировки и электрохимического оксидирования цветных и черных металлов.Создание промышленного оборудования•	Разработка и создание оборудования для реализации процессов ионной химико-термической обработки сталей, чугунов, титановых сплавов.•	Разработка и создание оборудования для реализации электронно-лучевых технологий.<br>•	Разработка и модернизация оборудования для осаждения упрочняюших и защитных покрытий.Новые приоритетные направления исследований и разработок- Изучение изменения свойств материалов при реализации методов ЭЛ обработки, включающих предварительное, либо одновременное нанесение металлических или композиционных покрытий. - Создание комбинированных вариантов упрочнения сталей и сплавов Ti с оптимальным структурно-фазовым состоянием покрытия и переходной диффузионной зоны.- Получение соединений перспективных сверхтвердых материалов с основой из сталей и твердых сплавов для обработки высокотвердых металлических и керамических материалов. Новые формирующиеся направления исследований- Нанесения на основу из сталей и титановых сплавов с использованием ЭЛ обработки и синтеза в конденсированной фазе (самораспространяющегося высокотемпературного синтеза) покрытий, способных противостоять интенсивному внешнему воздействию.- Прорывные аддитивные (3D) технологии «передового производства» (advanced manufacturing), основанные на широком применении новых материалов, информационных технологий и глубокой автоматизации производственных процессов. ', 'The main directions of research and development  Basic research • Theoretical and experimental modeling of materials processing streams of high-energy; • Structural-phase state of steels and alloys after processing flow of electrons, ions and plasmas; • Creation of new materials and heterogeneous gradient type for use in extreme conditions; • Behavior modified materials under different conditions of external loading in various environments; • Fizika and technology of thin films and coatings; • Theory, methods and devices producing diamond-like, multi-component and multi-layer coatings; • spectroscopic and probe diagnostics of heterogeneous plasma flows; • Creation of new thin-film materials for the components and devices of technical and medical-biological applications.  Development of the scientific basis of the method • electron beam (EB) surface modification of metallic materials; • EL forming permanent connections single and dissimilar materials, the creation of superconducting resonators for unique research and technological complexes and megaustanovok class mega-Science; • ion chemical heat treatment of steels, cast irons, titanium alloys; • formation of coatings on textile materials; • electrolytic-plasma polishing and electrochemical oxidation of ferrous and non-ferrous metals; • EL additive (3D) technology "best production".  Applied research • Development of technological fundamentals of the volume and surface thermal hardening steels and alloys, for preparing compounds of the metal-metal, ceramic-base with high-energy streams. • Development of technological fundamentals of new materials and coatings based on metals and carbon vacuum plasma methods to improve the performance of machine parts and tools, machining tools, medical equipment.  Development of methods • refining materials to produce ingots of pure and ultra-pure, including refractory or reactive metals; • surface hardening (hardening of the surface of articles of steel and cast iron, and coating the steel alloy coatings with a wide range of properties); • obtaining permanent joints critical parts by EB welding (weld depth-to-width ratio up to 50: 1, speed of 1-25 mm / s, strength of the weld strength of 0.9-1 parent metal); • active soldering, providing the opportunity to get a quality tool with a blade of high strength ceramic compound with a base; • .uprochnyayuschey ion chemical heat treatment of steels, cast irons, titanium alloys; • Creation of the sensor element, sensor devices and systems for applications in technology and medicine. • Formation of radio-absorbing coatings and Bioprotective textile materials. • Physical and chemical processes for electrolytic-plasma polishing and electrochemical oxidation of ferrous and non-ferrous metals.  Establishment of industrial equipment • design and creation of equipment for the implementation of the processes of ion chemical heat treatment of steels, cast irons, titanium alloys. • design and creation of equipment for the implementation of electron beam technology. • Development and modernization of the equipment for deposition uprochnyayushih and protective coatings.  New priority areas for research and development - Study of the properties of materials change when implementing methods EB processing, including prior or simultaneous deposition of metal or composite coatings. - Establishment of options combined hardening steels and alloys Ti and optimal structural-phase state coverage and transition diffusion zone. - Preparation of compounds looking superhard materials with a core of steel and hard alloys for the treatment of very hard metal and ceramic materials. New emerging areas of research - Drawing on the basis of steel and titanium alloys using EL processing and synthesis in the condensed phase (SHS) coatings that can withstand the intense external influences. - Breakthrough additive (3D) technology "advanced production» (advanced manufacturing), based on the extensive use of new materials, information technology and deep automation of production processes.', '- Лаборатория электрофизики,  заведующий - д.т.н. Поболь Игорь Леонидович,  тел. (+375 17) 263 51 25,  тел./факс (+375 17) 263 59 20 моб. (+375 44) 787 07 39 e-mail: i.pobol@gmail.com - Лаборатория физики плазменных процессов, заведующий - к.ф.-м.н. Смягликов Игорь Петрович тел. (+375 17)  265 86 96 факс (+375 17) 263 59 20 моб. (+375 29)  123 03 80 e-mail:  ips.imaf@gmail.com', '- Laboratory of Electrophysics, Head - Ph.D. Pobol Igor Leonidovich, tel. (375 17) 263 51 25, tel. / fax (375 17) 263 59 20 mob. (375 44) 787 07 39 e-mail: i.pobol@gmail.com - Laboratory of Physics of plasma processes, Head - PhD Smyaglikov Igor Petrovich tel. (375 17) 265 86 96 Fax (375 17) 263 59 20 mob. (375 29) 123 03 80 e-mail: ips.imaf@gmail.com', 'Начальник Центра - д.т.н. Поболь Игорь Леонидович', 'Head of the Center - d.t.s Pobol Igor Leonidovich'),
(11, 0, 1, 'Маркетинга и сопровождения государственных программ', 'Marketing and support of public programs', 'marketing-i-soprovozhdenie-gosudarstvennyh-programm', 0, '', '', '', '', '', ''),
(12, 5, 1, 'Сектор системного проектирования и математического моделирования', 'Sector systems engineering and mathematical modeling', 'sektor-sistemnogo-proektirovanija-i-matematicheskogo-modelirovanija', 0, '', '', '', '', '', ''),
(13, 5, 1, 'Сектор разработки программного обеспечения', 'Sector Software Development', 'sektor-razrabotki-programmnogo-obespechenija', 0, '', '', '', '', '', ''),
(14, 5, 1, 'Лаборатория разработки НТД и оперативного исполнения НИОКР', 'Laboratory for development documentation and speedy execution NIOKR', 'lab-razrabotki-NTD-i-operativnogo-ispolnenija-NIOKR', 0, '', '', '', '', '', ''),
(15, 5, 1, 'Сектор физического моделирования и конструирования', 'Sector of physical modeling and design', 'sektor-fizicheskogo-modelirovanija-i-konstruirovanija', 0, '', '', '', '', '', ''),
(16, 5, 1, 'Лаборатория аэродинамики и конструирования летательных аппаратов', 'Laboratory of aerodynamics and design of aircraft', 'laboratorija-ajerodinamiki-i-konstruirovanija-letatelnyh-apparatov', 0, '', '', '', '', '', ''),
(17, 5, 1, 'Лаборатория испытаний и контроля качества', 'Laboratory testing and quality control', 'laboratorija-ispytanij-i-kontrolja-kachestva', 0, '', '', '', '', '', ''),
(18, 5, 1, 'Производственно-технологический сектор', 'Production and technology sector', 'proizvodstvenno-tehnologicheskij-sektor', 0, '', '', '', '', '', ''),
(19, 6, 1, 'Лаборатория скоростных методов термической обработки металлов и сплавов', 'Laboratory methods of high-speed heat treatment of metals and alloys', 'lab-skorostnyh-metodov-termicheskoj-obrabotki-metallov-i-splavov', 0, '', '', '', '', '', ''),
(20, 6, 1, 'Лаборатория технологий и оборудования индукционного нагрева', 'Laboratory technology and induction heating equipment', 'lab-tehnologij-i-oborudovanija-indukcionnogo-nagreva', 0, 'Основные фундаментальные исследования <br> Теоретическое и экспериментальное моделирование процессов воздействия на материалы энергетических потоков электромагнитного поля; исследования влияния энергосиловых параметров высокочастотного нагрева на   структуру, фазовый состав и свойства металлов; разработка, апробация и внедрение энергоэффективных технологий высокочастотного нагрева деталей и полуфабрикатов для последующих технологических операций (деформации, термообработки, пайки, плавки, наплавки). <br> Разработка научных основ технологий и оборудования:<br> -	индукционного объемного нагрева; <br> -	поверхностного упрочнения металлов с применение высокочастотного скоростного нагрева; <br> Основные прикладные исследования<br> •	Разработка и изготовления высокочастотных полупроводниковых генераторов в модульном исполнении с частотой от 2,4 кГц до 60 кГц; <br> •	Разработка и изготовления автоматизированных установок индукционного нагрева для термообработки и нагрева под деформацию металлов и сплавов; <br> •	Разработка и изготовление вспомогательного оборудования для индукционного нагрева (закалочные, согласующие трансформаторы, индуктора, станции охлаждения); <br> •	Разработка технологий индукционного нагрева; <br> •	Разработка системы управления индукционным термическим оборудованием на базе современных промышленных контроллеров; <br> <br> Научно-техническая продукция и услуги<br> •	Установки индукционного нагрева для плавки, термообработки, нагрева металла под деформацию (код ТН ВЭД ТС 8514 40 000 0) <br> •	Преобразователи частоты полупроводниковые (код ТН ВЭД ТС 8504 40 900 9) <br> •	Изготовление вспомогательного оборудования для индукционного нагрева (закалочные, согласующие трансформаторы, индуктора, станции охлаждения) <br> •	Поверхностное упрочнение ТВЧ деталей и полуфабрикатов<br> •	Ремонт, монтаж и наладка оборудования индукционного нагрева; <br>', 'Basic fundamental research <br> Theoretical and experimental modeling of effects on materials energy flow of the electromagnetic field; study the effect of high-frequency heating power parameters on structure, phase composition and properties of metals; development, testing and implementation of energy efficient technologies high-frequency heating of parts and semifinished products for subsequent processing steps (deformation, heat treatment, brazing, smelting, welding). <br> Development of scientific bases of technology and equipment: <br> - Induction volumetric heating; <br> - Surface hardening of metals with the use of high-speed heating; <br> Major applied research <br> • Development and production of high-frequency semiconductor generators in modular design with a frequency of 2.4 kHz to 60 kHz; <br> • Development and production of automatic induction heating for heat treatment and heating under deformation of metals and alloys; <br> • Design and manufacture of auxiliary equipment for induction heating (hardening, matching transformers, inductors, cooling stations); <br> • Development of technologies for induction heating; <br> • Development of a control system induction thermal equipment on the basis of modern industrial controllers; <br> <br> The scientific and technical products and services <br> • Units of induction heating for melting, heat treating, metal heating under deformation (code TN VED TS 8514 40 000 0) <br> • Frequency converters semiconductor (code TN VED 8504 40 900 TC 9) <br> • Production of auxiliary equipment for induction heating (hardening, matching transformers, inductors, cooling station) <br> • Surface hardening of HDTV components and semi-finished products <br> • Repair, installation and commissioning of the equipment induction heating; <br>', 'тел. (+375 17) 267 41 55,<br> тел./факс (+375 17) 263 76 93 <br>, моб. (+375 29) 753 99 76 <br> e-mail: smto@tut.by', 'tel. (375 17) 267 41 55, <br> tel. / Fax (375 17) 263 76 93 <br>, mob. (375 29) 753 99 76 <br> e-mail: smto@tut.by', 'Вегера Иван Иванович,  к.т.н., доцент ', 'Vegera Ivan Ivanovich, PhD., Associate Professor'),
(21, 7, 1, 'Лаборатория точной штамповки', 'Laboratory accurate punching', 'lab-tochnoj-shtampovki', 0, '', '', '', '', '', ''),
(22, 7, 1, 'Лаборатория специальных сплавов и технологий', 'Laboratory of special alloys and technologies', 'lab-specialnyh-splavov-i-tehnologij', 0, '', '', '', '', '', ''),
(23, 7, 1, 'Лаборатория высоких давлений', 'Laboratory for high pressure', 'lab-vysokih-davlenij', 0, '', '', '', '', '', ''),
(24, 7, 1, 'Лаборатория предельной деформируемости', 'Laboratory limiting deformability', 'lab-predelnoj-deformiruemosti', 0, '', '', '', '', '', ''),
(25, 7, 1, 'Лаборатория поперечно-клиновой прокатки', 'Laboratory of cross-wedge rolling', 'lab-poperechno-klinovoj-prokatki', 0, '', '', '', '', '', ''),
(26, 7, 1, 'Лаборатория обработки металлов давлением', 'Laboratory metal forming', 'lab-obrabotki-metallov-davleniem', 0, '', '', '', '', '', ''),
(27, 7, 1, 'Конструкторско-технологический-сектор', 'Design and Technology sector', 'konstruktorsko-tehnologicheskij-sektor', 0, '', '', '', '', '', ''),
(28, 7, 1, 'Сектор технологии оборудования магнитоимпульсной обработки материалов', 'Sector magnetic pulse technology equipment material handling', 'sektor-tehnologii-oborudovanija-magnitoimpulsnoj-obrabotki-materialov', 0, '', '', '', '', '', ''),
(29, 8, 1, 'Лаборатория механофизики формирования гетерогенных систем', 'Laboratory mehanofiziki formation of heterogeneous systems', 'lab-mehanofiziki-formirovanija-geterogennyh-sistem', 0, '', '', '', '', '', ''),
(30, 8, 1, 'Лаборатория физики поверхностных взаимодействий', 'Laboratory of surface interactions', 'lab-fiziki-poverhnostnyh-vzaimodejstvij', 0, '', '', '', '', '', ''),
(31, 8, 1, 'Лаборатория физики поверхностных явлений', 'Laboratory of surface phenomena', 'lab-fiziki-poverhnostnyh-javlenij', 0, '', '', '', '', '', ''),
(32, 9, 1, 'Лаборатория высокоэнергетических методов обработки', 'Laboratory high-level methods for processing ', 'lab-vysokojenergeticheskih-metodov-obrabotki', 0, '', '', '', '', '', ''),
(33, 9, 1, 'Лаборатория вакуумно-плазменных покрытий', 'Laboratory vacuum plasma coatings', 'lab-vakuumno-plazmennyh-pokrytij', 0, '', '', '', '', '', ''),
(34, 10, 1, 'Лаборатория электрофизики', 'Laboratory electrophysics ', 'lab-jelektrofiziki', 0, '', '', 'тел. (+375 17) 263 51 25,  тел./факс (+375 17) 263 59 20 моб. (+375 44) 787 07 39 e-mail: i.pobol@gmail.com', 'tel. (375 17) 263 51 25, tel. / fax (375 17) 263 59 20 mob. (375 44) 787 07 39 e-mail: i.pobol@gmail.com', 'заведующий - д.т.н. Поболь Игорь Леонидович', 'Head of the Center - d.t.s Pobol Igor Leonidovich'),
(35, 10, 1, 'Лаборатория физики плазменных процессов', 'Laboratory of Plasma Processes', 'lab-fiziki-plazmennyh-processov', 0, 'Основные фундаментальные исследования <br>• Физикa и технология тонких пленок и покрытий. <br>• Теория, методы и устройства получения алмазоподобных, многокомпонентных и многослойных покрытий. <br>• Спектроскопическая и зондовая диагностика гетерогенных плазменных потоков. <br>• Создание новых тонкопленочных материалов для элементов и устройств технического и медико-биологического назначения.  Основные прикладные  исследования <br>• Разработка технологических основ получения новых материалов и покрытий на основе металлов и углерода вакуумными плазменными методами для повышения эксплуатационных характеристик деталей машин и механизмов, обрабатывающего инструмента, изделий медицинской техники. <br> • Разработка и модернизация оборудования для осаждения покрытий. <br>• Создание чувствительных элементов датчиков, сенсорных устройств и комплексов для применений в технике и медицине. <br> •Формирование радиопоглощающих и биозащитных покрытий на текстильных материалах. <br> • Физико-химические процессы электролитно-плазменной полировки и электрохимического оксидирования цветных и черных металлов.', 'Basic fundamental research <br> • Physics and technology of thin films and coatings. <br> • Theory, methods and devices producing diamond-like, multi-component and multi-layer coatings. <br> • spectroscopic and probe diagnostics of heterogeneous plasma streams. <br> • Creation of new thin-film materials for the components and devices of technical and medical-biological applications. Major applied research <br> • Development of technological fundamentals of new materials and coatings based on metals and carbon vacuum plasma methods to improve the performance of machine parts and tools, machining tools, medical equipment. <br> • Development and modernization of the equipment for the deposition of coatings. <br> • Creating a sensor element, sensor devices and systems for applications in technology and medicine. <br> • Formation of radio-absorbing coatings and Bioprotective textile materials. <br> • Physical and chemical processes for electrolytic-plasma polishing and electrochemical oxidation of ferrous and non-ferrous metals.', 'тел. (+375 17)  265 86 96 факс (+375 17) 263 59 20 моб. (+375 29)  123 03 80 e-mail:  ips.imaf@gmail.com', 'tel. (375 17) 265 86 96 Fax (375 17) 263 59 20 mob. (375 29) 123 03 80 e-mail: ips.imaf@gmail.com', 'заведующий - к.ф.-м.н. Смягликов Игорь Петрович', 'Head of the laboratory - Smyaglikov Igor Petrovich'),
(36, 11, 1, 'Патентно-информационный сектор', 'Patent-information sector', 'patentno-informacionnyj-sektor', 0, '', '', '', '', '', ''),
(37, 11, 1, 'Сектор маркетинга и внедрения научно-технических разработок', 'Patent-information sector', 'sektor-marketinga-i-vnedrenija-nauchno-tehnicheskih-razrabotok', 0, '', '', '', '', '', ''),
(38, 0, 1, 'Научно-производственный центр ТЕХНОМАГ\r\n', 'Scientific-production centre Technomages', 'scientific-production-centre-Technomages', 0, 'ОСНОВНЫЕ НАПРАВЛЕНИЯ ДЕЯТЕЛЬНОСТИ  Прикладные исследования: 1. Научно-исследовательские работы по изучению и исследованию свойств материалов, способных выдерживать ударные импульсные нагрузки в качестве преград и материалов, способных поглощать энергию ударных импульсных нагрузок в качестве амортизаторов; 2. Разработка технической документации, регламентирующей создание, производство, эксплуатацию и утилизацию индивидуальных и коллективных средств бронезащиты, комплектующих изделий к ним, специального оборудова-ния  для их серийного производства; 3. Создание материально-технической базы для проведения предвари-тельных испытаний и исследований характеристик изделий специального назна-чения; 4. Изучение перспективных направлений в разработках новых технологий, анализ опыта эксплуатации индивидуальной бронезащиты и её совершенствова-ние.  Производственная деятельность:  1. Опытно-технологические работы по созданию защитных композиций и  изготовлению наукоемких образцов изделий противоударной и противопульной защиты, соответствующих действующим стандартам; 2. Серийное производство востребованных заказчиками изделий индивидуальной бронезащиты, комплектующих изделий к ним, их модернизация, ремонт и утилизация. ', 'MAIN ACTIVITIES  Applied research: 1. Research work on the study and investigation of the properties of materials capable of withstanding the shock pulse load as obstacles and materials that can absorb the energy of the shock pulses waist-loads as shock absorbers; 2. Development of technical documentation, regulating the creation, production, operation and disposal of the individual and collective means of body armor, components for them, special equip-tion for their serial production; 3. Creation of material and technical base for with preliminary tests and research characteristics of products Special purpose-cheniya; 4. The study of perspective directions in the development of new technologies, analysis of operating experience and its body armor sovershenstvova-set. Production sector: 1. technological works on the creation of protective compositions and manufacturing high-tech product samples shockproof and bulletproof protection to comply with applicable standards; 2. Serial production of products demanded by customers indivi-dual body armor, components to them, their modernization, repairs and re-utilization.', '', '', '', '');

-- --------------------------------------------------------

--
-- Структура таблицы `product`
--

CREATE TABLE IF NOT EXISTS `product` (
`id` int(6) unsigned NOT NULL,
  `parent_id` int(6) unsigned NOT NULL DEFAULT '0',
  `department_id` int(6) unsigned NOT NULL DEFAULT '0',
  `name_ru` varchar(300) NOT NULL,
  `name_en` varchar(300) NOT NULL,
  `url` varchar(300) NOT NULL,
  `priority` int(2) unsigned NOT NULL DEFAULT '0',
  `short_description_ru` text NOT NULL,
  `short_description_en` text NOT NULL
) ENGINE=InnoDB  DEFAULT CHARSET=utf8 AUTO_INCREMENT=40 ;

--
-- Дамп данных таблицы `product`
--

INSERT INTO `product` (`id`, `parent_id`, `department_id`, `name_ru`, `name_en`, `url`, `priority`, `short_description_ru`, `short_description_en`) VALUES
(1, 0, 5, 'Беспилотные авиационные комплексы', 'Unmanned aircraft systems', 'unmanned-aircraft-systems', 0, 'БЛА - это летательный аппарат без экипажа на борту. Создан для воздушной съёмки и наблюдения в реальном времени за наземными объектами.', 'UAS is aircraft without a crew on board. Designed for air shooting and real-time monitoring of ground objects.'),
(2, 1, 0, 'Беспилотный авиационный комплекс видеомониторинга местности «бусел»', 'Unmanned aircraft systems video monitoring area "Busel"', 'busel', 0, 'Беспилотный летательный аппарат (2 шт.) мобильный или переносной наземный пункт управления (1 шт.) модуль приемо-передающей аппаратуры (2 к-та)', 'Unmanned aerial vehicles (2 pcs.), Mobile or a portable ground control station (1 pc.) Module receiving and transmitting equipment (2-ta)'),
(3, 1, 0, 'Беспилотный авиационный комплекс дальнего действия для мониторинга местности и объектов БУРЕВЕСТНИК', 'Unmanned aircraft systems for long-range monitoring of terrain and objects BUREVESTNIK', 'burevestnik', 0, 'Область применения: энергосбережение, предупреждение чрезвычайных ситуаций, контроль общественного порядка, охрана природы.', 'Scope: energy saving, prevention of emergency situations, control of public order, the protection of nature.'),
(4, 0, 1, 'Лазерная обработка материалов', 'Laser processing of materials', 'Laser-processing-of-materials', 0, 'Лазерное модифицирование рабочих  поверхностей сменных деталей рабочих органов сельскохозяйственных машин', 'Laser Surface Modification of replacement parts working bodies of agricultural machines'),
(5, 4, 1, 'Лазерное модифицирование рабочих  поверхностей ', 'Laser processing of materials', 'Laser-processing-of-materials', 0, 'Лазерное модифицирование рабочих  поверхностей сменных деталей рабочих органов сельскохозяйственных машин', 'Laser Surface Modification of replacement parts working bodies of agricultural machines'),
(6, 4, 1, 'Лазерная наплавка', 'Laser cladding', 'Laser-cladding', 0, 'Лазерная наплавка получила широкое распространение в промышленности,. Наиболее известные применения это восстановление повреждённых поверхностей различных деталей машин, прессформ и фильер. Второе применение это модификация поверхностности. Присадочные материалы могут отличаться по химическому составу от основы и иметь другие свойства.', 'Laser welding is widely used in the industry,. The best-known application is to restore damaged surfaces of various machine parts, molds and dies. The second application is the modification of surface. Filler materials may differ in chemical composition from the substrate and have other properties.'),
(7, 4, 1, 'Лазерная сварка отрезных алмазных сегментных кругов', 'Laser welding diamond cutting segment circles', 'Laser-welding-diamond-cutting-segment-circles', 0, 'Сварка производится на специальной\r\nоснастке, позволяющей сваривать наиболее\r\nраспространенные диаметры от 200 до 400 мм, с учетом\r\nтребований ГОСТ 16115-88', 'Welding is performed on an ad hoc\r\nsnap, allowing welding most\r\nCommon diameters of 200 to 400 mm including\r\nGOST 16115-88 requirements'),
(8, 0, 2, 'Микрокристаллические и аморфные материалы', 'Microсrystalline and amorphous materials', 'microcrystalline-and-amorphous-materials', 0, 'Микрокристаллические и аморфные материалы используются для обогрева электронных устройств, защита электронных устройств, находящихся в пластмассовых корпусах, от воздействия внешних электромагнитных полей ', 'Micro-crystalline and amorphous materials are used for heating the electronic devices to protect electronic devices in plastic housings against external electromagnetic fields'),
(9, 8, 2, 'Пленочные нагреватели на керамической пластине', 'Film heaters on ceramic plate', 'Film-heaters-on-ceramic-plate', 0, 'Пленочные нагреватели, представляющие собой подложки из оксинитридной керамики или алюминия с оксидным керамическим покрытием и нанесенными на них Ni-Cr –покрытием предназначены для обогрева электронных устройств ', 'Film heaters representing oxide substrate nitride ceramics or aluminum oxide ceramic coating deposited thereon and Ni-Cr -covering designed to heat electronic devices'),
(10, 8, 2, 'Экранирующие металлические и прозрачные в видимом диапазоне света покрытия для дисплеев и корпусов электронных объектов', 'Shielding metal and transparent in the visible light range coatings for displays and housings for electronic objects', 'Shielding-metal-and-transparent', 0, 'Защищает электронные устройства, находящиеся в пластмассовых корпусах, от воздействия внешних электромагнитных полей, способных внести необратимые изменения в их работу и память, а также от электромагнитных полей, излучаемых самими системами. ', 'It protects electronic devices in the plastic casing, against external electromagnetic fields capable of making permanent changes in their performance and memory, and also from electromagnetic fields emitted by the systems.'),
(11, 8, 2, 'Износостойкие многокомпонентные покрытия на основе карбидов, нитридов, карбонитридов, боридов, титана, циркония, хрома', 'Wear multicomponent coatings based on carbides, nitrides, carbo nitrides, borides of titanium, zirconium, chromium', 'Wear-multicomponent-coatings', 0, 'Увеличивает износостойкость дорогостоящих и ответственных деталей машин и инструмента', 'Increased durability and expensive critical parts of machines and tools'),
(12, 8, 2, 'Оптические покрытия и технологии их нанесения', 'Optical coatings technologies and their application', 'Optical-coatings-technologies-and-their-application', 0, 'Увеличивает пропускную способность оптических элементов и уменьшает их отражения для видимого света', 'Increases the capacity of the optical elements and reduces visible light reflection'),
(13, 8, 2, 'Жаростойкие покрытия на основе никеля, хрома, алюминия, иттрия и др.', 'Heat-resistant coating based on nickel, chromium, aluminum, yttrium, and others.', 'Heat-resistant-coating ', 0, 'Защищает детали машин, эксплуатируемых при высоких температурах', 'Protects machine parts operating at high temperatures'),
(14, 8, 2, 'Литейные катоды для вакуумно-дугового напыления', 'Foundry cathodes for vacuum-arc deposition', 'foundry-cathodes-for-vacuum-arc-deposition', 0, 'Катоды из сплавов на основе Ti-Al, Ti-Al-Si, Ti-Al-Cr, Ti-Al-Si-Nb, Zr-Ti-Cu, Ni-Cr-Al и др. предназначены для нанесения многофункциональных покрытий', 'Cathodes based alloy Ti-Al, Ti-Al-Si, Ti-Al-Cr, Ti-Al-Si-Nb, Zr-Ti-Cu, Ni-Cr-Al et al. suitable for the application of coatings multifunction'),
(15, 8, 2, 'Полуфабрикаты и деталей из лома высокочистых цветных металлов ', 'Semi-finished products and parts made of high-purity non-ferrous metals scrap', 'Semi-finished-products-and-parts', 0, 'Получение и восстановление полуфабрикатов и деталей из лома алюминия и его сплавов, никелевых сплавов, палладия, ванадия, чистой платины и серебра с использованием вакуумного литья, направленной кристаллизации и пластической деформации, изготовление и регенерация катодов-мишеней и анодов.', 'Obtaining and recovery of semifinished parts and scrap aluminum and its alloys, nickel alloys, palladium, vanadium, platinum and silver net using vacuum casting, directional solidification and plastic deformation, production and regeneration of target cathodes and anodes.'),
(16, 0, 38, 'ТЕХНОМАГ', 'TECHNOMAGES', 'technomages', 0, 'Научно-производственный центр занимается разработкой и исследованием свойств материалов, способных выдерживать ударные импульсные нагрузки, защитных композиций и  изготовлению наукоемких образцов изделий противо-ударной и противопульной защиты', 'Research and Production Center is engaged in the development and study of the properties of materials capable of withstanding the shock pulse load, the protective compositions and manufacturing high-end models of articles anti-shock and anti-bullet protection'),
(17, 16, 0, 'Противоударный бронежилет  серии «Коралл»', 'Shock body armor Series "Coral"', 'Shock-body-armor-Series-Coral', 0, 'Разработан в 2004 г. Поставляется для под-разделений Министерства внутренних дел. Вы-пущено 4 638 шт. \r\nПредназначен для защиты от ударов холод-ным оружием, палками, камнями и др. предме-тами с энергией 30…40 Дж\r\n', 'Developed in 2004, it delivered to units of the Ministry of Internal Affairs. You-started up 4638 pieces.\r\nDesigned for protection from the cold-shock-weapon, sticks, stones and others. Pieces with energy-ter ... 30 40 J'),
(18, 16, 0, 'Противопульный бронежилет серии «Алмаз»\r\n', 'bulletproof vest Series "Diamond"', 'bulletproof-vest-Series-Diamond', 0, 'Разработан в 1998 г. После модернизации в 2007 г. сертифицирован НП РНИИСЦ «Ржев-ка». Поставляется службам инкассации банков. Выпущено 3 491 шт.', 'Designed in 1998. After the modernization in 2007 certified NP RNIISTS "Rzhev-ka." Supplied collection service banks. Released 3491 pcs.'),
(19, 16, 0, 'Противопульный бронежилет серии «Рубин»', 'bulletproof vest series "Ruby"', 'bulletproof-vest-series-Ruby', 0, 'Разработан в 1997 г. модернизирован в 2007 и 2013 гг. Удобен и обладает хорошим дизай-ном, сертифицирован НП РНИИСЦ «Ржевка», Поставляется подразделениям МВД для личного состава патрульно-постовой службы (ППС) и Департамента охраны. Выпущено 10 677 шт', 'Designed in 1997, upgraded in 2007 and 2013. It is convenient and has a good sprinkler Mr. certified NP RNIISTS "Rzhevka" Comes the Interior Ministry for the personnel of the patrol service (PPS) and the Department of Conservation. Issued 10,677 items'),
(20, 16, 0, 'Противопульный бронежилет серии «Атравм»\r\n', 'Bulletproof vest series "Atravm"', 'Bulletproof-vest-series-Atravm', 0, 'Разработан в 2006 г., модернизирован в 2013 г. Сертифицирован НП РНИИСЦ «Ржев-ка». Изготавливается как общевойсковой для Министерства обороны. Выпущено 1 423 шт.', 'Designed in 2006 and renovated in 2013. Certified NP RNIISTS "Rzhev-ka." It is produced as a combined-arms for the Ministry of Defence. Released 1423 pcs.'),
(21, 16, 0, 'Противопульный щит серии «ТМГ»\r\n', 'Bulletproof shield series TMG', 'bulletproof-shield-series-TMG', 0, 'Разработан в 2006 г., модернизирован в 2014 г. Поставляются спецподразделениям си-ловых структур. Выпущено 144 шт.', 'Designed in 2006 and renovated in 2014 supplied special forces B mal structures. Issued 144 pcs.'),
(22, 16, 0, 'Коллективная бронезащита', 'Collective body armor', 'collective-body-armor', 0, 'Защитная бронепанель для штабных ма-шин постоянного объёма обеспечивает защиту от осколков и пуль за счёт встроенных броне-вых листов по 2 кл. ГОСТ Р 50744-95 изм. №2.\r\nЗащитная панель «Мягкая броня» для штабных машин с переменным объёмом «Ба-бочка» обеспечивает защиту от осколков и пуль за счёт навесных мягких бронепанелей специальной конструкции, которая защищена патентом, по Бр1 ГОСТ Р 50744-95 изм. №3.\r\nЗащитные панели разработаны в 2007 г. и установлены на опытной серии штабных ма-шин Министерства обороны Беларуси.\r\n', 'Protective armor panels for staff vehicles constant volume provides protection against fragments and bullets due to the built-in armor-O sheets for 2 cl. GOST 50744-95 rev. №2.\r\nCover panel "soft armor" for staff vehicles with variable volume "Ba-barrel" provides protection against fragments and bullets due to the soft armor panels mounted a special design, which is protected by patent, by BR1 GOST R 50744-95 rev. No. 3.\r\nProtective panel developed in 2007 and installed in a pilot-scale series ma-tire of the Defense Ministry of Belarus.'),
(23, 0, 10, 'Электронно-лучевая обработка материалов', 'Electron beam processing of materials', 'Electron-beam-processing-of-materials', 0, 'Назначение оборудования электронно-лучевой обработки: <br>• рафинирование металлических материалов <br>• закалка поверхности изделий <br>• комбинированные и совмещенные процессы электронно-лучевого упрочнения сталей и сплавов', 'Purpose of the equipment of electron beam processing: <br>• refining of metallic materials <br>• hardening of the surface of products <br>• Combined and combined processes of electron-beam hardening steels and alloys'),
(24, 23, 0, 'Оборудование для электронно-лучевой (ЭЛ) обработки', 'The equipment for electron beam (EB) treatment', 'the-equipment-for-electron-beam ', 0, 'ЭЛ оборудование: действующее, объем рабочего пространства вакуумной камеры 3,5 м3 и перспективное, объем рабочего пространства вакуумной камеры 19 м3  и 40 м3 ', 'EL equipment: current volume of the working space of the vacuum chamber 3.5 m3 and perspective, the amount of working space of the vacuum chamber 19 m3 and 40 m3'),
(25, 23, 0, 'Электронно-лучевая сварка ', 'Electron-beam welding', 'Electron-beam-welding', 0, 'Получение соединений материалов при ЭЛ воздействии в режиме глубокого проплавления, в том числе из разнородных металлических материалов и ограниченно сваривающихся сталей', 'Preparation of compounds of materials in the EL exposure mode of deep penetration, including of dissimilar metallic materials, and limited weldability steels'),
(26, 23, 0, 'Электронно-лучевая пайка инструмента, оснащенного элементами из сверхтвердых материалов', 'Electron beam soldering tool equipped with elements made of superhard materials', 'Electron-beam-soldering-tool-equipped', 0, 'Получение соединений разнородных материалов (керамика – металл, СТМ – подложка) с использованием адгезионно-активных сплавов на основе Cu и Ag', 'Preparation of compounds dissimilar materials (ceramic - metal STM - substrate) using the adhesively-active Cu-based alloys, and Ag'),
(27, 23, 0, 'Электронно-лучевое поверхностное упрочнение', 'Electron beam surface hardening', 'Electron-beam-surface-hardening', 0, 'Модифицирование свойств поверхности деталей из конструкционных и инструментальных сталей, сплавов алюминия и меди путем \r\n- закалки из твердого или жидкого состояния,\r\n- нанесения упрочняющих покрытий наплавкой,\r\n', 'Modification of the surface properties of parts made of structural and tool steels, aluminum alloys and copper by\r\n- Hardening of a solid or liquid state,\r\n- Deposition of hardening coatings welding...'),
(28, 23, 0, 'Электронно-лучевое оплавление с рафинированием поверхности заготовок', 'Electron beam melting with refining the surface of blanks', 'Electron-beam-melting-with-refining', 0, 'Очистка металлов и сплавов от примесей и неметаллических включений, удаление поверхностных дефектов, получение многокомпонентных сплавов и покрытий, мишеней-катодов (Cr, Ti, Zr, Ti с Cr, Al, Zr) для дуговых и магнетронных систем распыления', 'Purification of metals and alloys from non-metallic inclusions and impurities, removing surface defects, obtaining multicomponent alloys and coatings target cathodes (Cr, Ti, Zr, Ti with Cr, Al, Zr) arc and magnetron sputtering systems'),
(29, 23, 0, 'Упрочняющая ионная химико-термическая обработка (ХТО) (азотирование, цементация и нитроцементация)', 'Hardening ion chemical heat treatment', 'Hardening-ion-chemical-heat-treatment', 0, 'Ионное или ионно-плазменное азотирование – метод поверхностного упрочнения, повышающий твердость, сопротивление схватыванию и изнашиванию, контактную выносливость, предел выносливости, коррозионную и теплостойкость деталей. Происходит диффузионное насыщение поверхностного слоя сталей, чугунов, сплавов титана и др. металлов азотом в аномальном тлеющем разряде при давлении 100-600 Па. При ионной цементации обеспечивается высокая концентрацию углерода на поверхности металла, величина углеродного потенциала может регулироваться в широких пределах. При ионной нитроцементации происходит одновременное насыщение поверхности металла углеродом и азотом.', 'Ion and ion-plasma nitriding - a method of surface hardening, which increases hardness and wear resistance of the grasp, the contact endurance, endurance limit, corrosion and heat resistant parts. There is a diffusion saturation of the surface layer of steel, iron, titanium and other alloys. Metals nitrogen anomalous glow discharge at a pressure of 100-600 Pa. When cementation provides high ionic concentration of carbon on the metal surface, the amount of carbon potential can be adjusted over a wide range. In ion nitriding occurs simultaneous saturation of the metal surface with carbon and nitrogen.'),
(30, 0, 10, 'Плазменные процессы', 'Plasma processes', 'Plasma-processes', 0, 'Лаборатория физики плазменных процессов производит различное оборудование', 'Laboratory of Plasma Processes manufactures material handling equipment'),
(31, 30, 0, 'Оборудование для осаждения покрытий', 'Equipment for the deposition of coatings', 'equipment-for-the-deposition-of-coatings', 0, 'Оборудование для нанесения износостойких и коррозионно-стойких покрытий изготавливается под заказ с требуемыми габаритными размерами вакуумной камеры. Может быть модернизировано имеющееся у заказчика оборудование.', 'Equipment for the application of wear-resistant and corrosion-resistant coatings are made to order with the required dimensions of the vacuum chamber. It can be upgraded at the customer''s existing equipment.'),
(32, 30, 0, 'Износостойкие и коррозионно-стойкие одно-многослойные покрытия', 'Wear and corrosion resistant single - multi-layer coatings', 'Wear-and-corrosion-resistant', 0, 'Инструмент для обработки металлов, древесины и пластмасс.', 'Tools for metal, wood and plastics.'),
(33, 30, 0, 'Диагностический комплекс «Диапаст»', 'Diagnostic complex "Diapast"', 'Diagnostic-complex-Diapast', 0, 'Тензосистема комплекса выполнена в виде тонких стелек, размещаемых в обуви, по поверхности которых в точках характерных биомеханических нагрузок расположены тензодатчики. Сигналы от тензодатчиков, прямо пропорциональные оказываемому давлению, регистрируются комплексом автономно в реальном масштабе времени.', 'The tensor of the complex system is designed as a thin insole placed in the shoe, on the surface at points where the characteristic biomechanical stress strain gauges are located. The signals from the strain gauges are directly proportional to the pressures, recording facility autonomously in real time.'),
(34, 30, 0, 'Износостойкие и декоративные алюмооксидные керамические покрытия', 'Wear-resistant alumina ceramic and decorative coatings', 'Wear-resistant-alumina-ceramic ', 0, 'Изделия машиностроения, электронной и часовой промышленности', 'Engineering products, electronic and gas industry'),
(35, 30, 0, 'Электролитно-плазменная полировка металлов и сплавов', 'Electrolytic-plasma polishing of metals and alloys', 'Electrolytic-plasma-polishing-of-metals', 0, 'Используется для обработки изделий из нержавеющих и углеродистых сталей, медных, титановых и алюминиевых сплавов при производстве медицинской и бытовой техники, изделий электротехники, ювелирных изделий, в машиностроении, часовой промышленности и т.п.', 'It is used for processing of stainless and carbon steels, copper, titanium and aluminum alloys in the manufacture of medical and household appliances, electrical products, jewelry, engineering, watch industry, etc.'),
(36, 30, 0, 'Биосовместимые бактерицидные покрытия на основе алмазоподобного углерода и серебра', 'Biocompatible bactericidal based coating diamond-like carbon and silver', 'Biocompatible bactericidal based coating diamond-like carbon and silver', 0, 'Защита поверхности имплантатов, используемых в травматологии, ортопедии, стоматологии и других областях медицины', 'Protect the surface of implants used in traumatology, orthopedics, dentistry and other areas of medicine'),
(37, 30, 0, 'Защитно-декоративные покрытия на титановых имплантатах сложной геометрической формы', 'Protective and decorative coatings on titanium implants with complex geometric form', 'Protective and decorative coatings', 0, 'Улучшение свойств биосовместимости, износостойкости и коррозионной стойкости медицинских имплантатов из титановых сплавов, используемых в травматологии, хирургии позвоночника, ортопедии, стоматологии. ', 'Improving the properties of biocompatibility, wear resistance and corrosion resistance of medical implants made of titanium alloys used in traumatology, spinal surgery, orthopedics, dentistry.'),
(38, 0, 6, 'Индукционный нагрев', 'Induction heating', 'Induction-heating', 0, '', ''),
(39, 38, 0, 'Автоматизированный комплекс индукционного нагрева и последующей обкатки труб', 'Automated complex induction heating and subsequent rolling tube', 'Automated-complex-induction-heating', 0, '', '');

-- --------------------------------------------------------

--
-- Структура таблицы `product_field`
--

CREATE TABLE IF NOT EXISTS `product_field` (
`id` int(8) unsigned NOT NULL,
  `product_id` int(6) NOT NULL,
  `key_ru` varchar(150) NOT NULL,
  `key_en` varchar(150) NOT NULL,
  `value_ru` text NOT NULL,
  `value_en` text NOT NULL,
  `priority` int(2) NOT NULL DEFAULT '0'
) ENGINE=InnoDB  DEFAULT CHARSET=utf8 AUTO_INCREMENT=102 ;

--
-- Дамп данных таблицы `product_field`
--

INSERT INTO `product_field` (`id`, `product_id`, `key_ru`, `key_en`, `value_ru`, `value_en`, `priority`) VALUES
(1, 2, 'Тип БЛА', 'UAS Type', 'Электролет "Бусел"', 'UAS "Busel"', 0),
(2, 2, 'Взлетная масса, кг', 'Takeoff weight, kg', '6+1,3', '', 0),
(3, 2, 'Полный размах крыла, мм', 'Full wingspan, mm', '2 280', '', 0),
(4, 2, 'Продолжительность полета, мин', 'The duration of the flight, min', 'до 90', '< 90', 0),
(5, 2, 'Диапазон скоростей полета, км/ч', 'Flight speed range, km / h', '40–100', '', 0),
(6, 2, 'Максимальная высота полета, м', 'Maximum flight altitude, m', 'до 3 000', '< 3000', 0),
(7, 2, 'Дальность применения, км', 'Range of applications, km', 'до 25', '< 25', 0),
(8, 2, 'Целевая нагрузка', 'The target load', 'Гиростабилизированный модуль оптико-электронного мониторинга в составе ТВ, Фото, ИК, лазерный дальномер, модуль радиационного мониторинга', 'Gyrostabilized module opto-electronic monitoring as a part of TV, photo, infrared, laser rangefinder, radiation monitoring module', 0),
(9, 2, 'Пилотажно-навигационный комплекс', 'Flight navigation system', 'GPS и САУ', 'GPS and САУ', 0),
(10, 2, 'Способ старта / посадки', 'The method of start / landing', 'С руки / парашют', 'From hand / parachute', 0),
(11, 5, 'Назначение:', 'Function:', 'Повышение ресурса работы быстроизнашивающихся деталей', 'Increased service life of wearing parts', 0),
(12, 5, 'Технические характеристики:', 'Specifications:', 'Твердость модифицированных слоев до 65–70 HRC', 'The hardness of the layers of the modified up to 65-70 HRC', 0),
(13, 5, 'Преимущества:', 'Benefits:', 'Упрочнение локальных участков; минимальные зоны термического влияния', 'Strengthening of local areas; minimal heat affected zone', 0),
(14, 5, 'Область применения:', 'Application area:', 'Ножи кормоуборочных, свеклоуборочных комбайнов, косилок и др. сельскохозяйственных машин', 'Knives fodder, beet harvesters, mowers, etc. Agricultural machinery', 0),
(15, 6, 'Назначение:', 'Appointment:', 'Восстановление и упрочнение деталей машин и механизмов', 'Restoration and hardening of details of machines and mechanisms', 0),
(16, 6, 'Технические характеристики:', 'Specifications:', 'Наплавляемые материалы на железной, никелевой, кобальтовой и др. основах\r\nТолщина наплавляемых слоев ……………………………….. до 1,5–2 мм\r\n', 'Facing materials on iron, nickel, cobalt and others. Fundamentals\r\nThe thickness of the deposited layers of  1.5-2 mm', 0),
(17, 6, 'Преимущества', 'Benefits:', 'Минимальная зона термического влияния, снижение остаточных деформаций', 'The minimal heat-affected zone, reducing the residual strain', 0),
(18, 6, 'Область применения', 'Application area:', 'Машиностроение, энерго- и авиастроение, ремонтное производство', 'Mechanical engineering, energy and aeronautics, production, repair', 0),
(19, 7, 'Назначение:', 'Purpose:', 'Изготовление сборочных единиц и инструмента с высоким качеством сварных соединений', 'Production of assembly units and tools with high quality of welded joints', 0),
(20, 7, 'Технические характеристики:', 'Specifications:', 'Толщина свариваемых стальных листов до 4 мм', 'Thickness of welded steel plates up to 4 mm', 0),
(21, 7, 'Преимущества:', 'Advantages:', 'Прочность швов близка к прочности основного материалаМинимальное коробление сварных узлов и конструкцийВозможность надежного соединения трудносвариваемых традиционными методами материаловПростота организации защиты места сварки от вредноговоздействия на металл окружающего воздуха.', 'Durability joints close to the strength of the base material\r\nMinimal distortion of welded components and structures\r\nPossibility reliable connection of difficult materials by conventional methods\r\nEasy organization of protection of the weld metal vrednogovozdeystviya ambient ', 0),
(22, 7, 'Область применения:', 'Application area:', 'Машиностроение, ремонтное производство', 'Engineering, production, repair', 0),
(23, 9, 'Назначение:', 'Appointment:', 'Пленочные нагреватели, представляющие собой подложки из оксинитридной керамики или алюминия с оксидным керамическим покрытием и нанесенными на них Ni-Cr –покрытием предназначены для обогрева электронных устройств ', 'See heaters representing oxide substrate nitride ceramics or aluminum oxide ceramic coating deposited thereon and Ni-Cr -covering designed to heat electronic devices', 0),
(24, 9, 'Технические характеристики:', 'Specifications:', 'удельная мощность – 10 Вт/см2\r\nмаксимальная температура нагрева – 250 °С\r\nкоэффициент теплопроводности керамических пластин – до 150 Вт/(м•К).\r\n', 'specific power - 10 W / cm2\r\nmaximum heating temperature - 250 ° C\r\nthe thermal conductivity of the ceramic plates - up to 150 W / (m • K).', 0),
(25, 9, 'Область применения', 'Application area:', 'системы авионики (дисплейные матрицы, приборы видеонаблюдения и т.д.)', 'avionics system (display matrix, video equipment, etc.)', 0),
(26, 9, 'Преимущества:', 'Advantages:', 'термический коэффициент сопротивления нагревателей практически равен 0\r\nнагреватели имеют стабильные эксплуатационные параметры, позволяющие им эффективно обогревать изделия электроники в условиях от – 60 до +250°С.\r\n', 'Thermal coefficient of resistance heaters is almost equal to 0\r\nHeaters have stable performance parameters, allowing them to effectively heat the electronics products in the conditions of - 60 to + 250 ° C.', 0),
(27, 10, 'Назначение:', 'Appointment:', 'Защита электронных устройств, находящихся в пластмассовых корпусах, от воздействия внешних электромагнитных полей, способных внести необратимые изменения в их работу и память, а также от электромагнитных полей, излучаемых самими системами. ', 'Protection of electronic devices in plastic housings against external electromagnetic fields capable of making permanent changes in their performance and memory, and also from electromagnetic fields emitted by the systems.', 0),
(28, 10, 'Технические характеристики:', 'Specifications:', 'Поверхностное сопротивление не более 0,1 Ом/квадрат;относительная магнитная проницаемость не менее 15 000;эффективность экранирования для дисплеев 25 дБ, для корпусов электронных объектов порядка 50 дБ;пропускание видимого света прозрачным электромагнитным экраном не менее 50 %', 'Surface resistance of no greater than 0.1 ohms / square;the relative magnetic permeability of not less than 15 000;the effectiveness of screening for displays 25 dB for housing electronic objects about 50 dB;transmittance of visible light transparent electromagnetic shield at least 50%', 0),
(29, 10, 'Область применения', 'Application area:', 'Защита информации, хранящейся в компьютере, от несанкционированного доступа;– совместимость работы различных электронных устройств, задействованных в единую систему.', '- Protection of information stored on the computer from unauthorized access;\r\n- The compatibility of the various electronic devices involved in a single system.', 0),
(30, 11, 'Назначение:', 'Appointment:', 'Увеличение износостойкости дорогостоящих и ответственных деталей машин и инструмента', 'Increased durability and expensive critical parts of machines and tools', 0),
(31, 11, 'Технические характеристики:', 'Specifications:', 'Микротвердость покрытия до 55 ГПакоэффициент трения 0,2-0,4', 'microhardness of the coating up to 55 GPa\r\nthe coefficient of friction of 0.2-0.4', 0),
(32, 11, 'Область применения', 'Application area:', 'Режущий инструмент, детали машин ', 'cutting tools, machine parts', 0),
(33, 11, 'Преимущества:', 'Advantages:', 'Снижение трения, термобарьерный эффект, сопротивление абразивному, диффузионному и окислительному износу', 'friction reduction, thermal barrier effect, resistance to abrasion, diffusion and oxidative wear', 0),
(34, 12, 'Назначение:', 'Appointment:', 'Увеличение пропускной способности оптических элементов и уменьшение их отражения для видимого света', 'Increasing the capacity of optical elements and a decrease in their reflectance for visible light', 0),
(35, 12, 'Технические характеристики:', 'Specifications:', 'Отражение R ~ 0,5–1 %\r\nПропускание Т ~ 98-99 %\r\n', 'Reflection R ~ 0,5-1%\r\nTransmission T ~ 98-99%', 0),
(36, 12, 'Область применения', 'Application area:', 'Военная, космическая  техника, станкостроение, медицинская техника', 'Military, space technology, machine tools, medical equipment', 0),
(37, 13, 'Назначение:', 'Appointment:', 'Защита деталей машин, эксплуатируемых при высоких температурах', 'Protection of machine parts operating at high temperatures', 0),
(38, 13, 'Технические характеристики:', 'Specifications:', 'Температура эксплуатации покрытий 850–950 °С;высокая стойкость к сульфидной коррозии;повышение эрозионной стойкости', 'Operating temperature coatings 850-950 ° C;\r\nhigh resistance to sulphate corrosion;\r\nimproving erosion resistance', 0),
(39, 13, 'Область применения', 'Application area:', 'Авиастроение, судостроение, теплоэнергетика', 'Aerospace, shipbuilding, power system', 0),
(40, 14, 'Назначение:', 'Appointment:', 'Катоды из сплавов на основе Ti-Al, Ti-Al-Si, Ti-Al-Cr, Ti-Al-Si-Nb, Zr-Ti-Cu, Ni-Cr-Al и др. предназначены для нанесения многофункциональных покрытий', 'Cathodes based alloy Ti-Al, Ti-Al-Si, Ti-Al-Cr, Ti-Al-Si-Nb, Zr-Ti-Cu, Ni-Cr-Al et al. suitable for the application of coatings multifunction', 0),
(41, 14, 'Технические характеристики:', 'Specifications:', 'Твердостью покрытия, полученного с применением катода до 55 ГПа', 'The hardness of the coating produced using the cathode up to 55 GPa', 0),
(42, 14, 'Область применения', 'Application area:', 'Машиностроение', 'mechanical engineering', 0),
(43, 14, 'Преимущество', 'Advantages', 'Катоды, полученные литейным способом в отличие от катодов, полученных другими способами обладают более качественными получаемыми покрытиями покрытия, полученные с использованием катодов, позволяют в 2–5 раз повысить стойкость режущего и штампового инструмента, проводить высокоскоростную обработку металла без СОЖ, повысить эрозионную стойкость и усталостную прочность деталей машин.', 'Cathodes prepared casting method as opposed to the cathodes obtained in other ways have improved coatings obtained\r\ncoatings obtained with cathodes allow a 2-5 times increase the durability of cutting and stamping tools, to conduct high-speed processing of metal without coolant enhance erosion resistance and fatigue strength of machine parts.', 0),
(44, 15, 'Назначение:', 'Appointment:', 'получение и восстановление полуфабрикатов и деталей из лома алюминия и его сплавов, никелевых сплавов, палладия, ванадия, чистой платины и серебра с использованием вакуумного литья, направленной кристаллизации и пластической деформации, изготовление и регенерация катодов-мишеней и анодов ', 'Obtaining and recovery of semifinished parts and scrap aluminum and its alloys, nickel alloys, palladium, vanadium, platinum and silver net using vacuum casting, directional solidification and plastic deformation, production and regeneration of target cathodes and anodes', 0),
(45, 15, 'Технические характеристики:', 'Specifications:', 'плотность заготовок 99,9 %\r\nчистота металла не ниже исходного\r\n', 'the density of the blanks 99.9%\r\npurity metal is not lower than the original', 0),
(46, 15, 'Область применения', 'Application area:', 'Cерийное производство предприятий микроэлектронной промышленности.', 'Mass production of electronic industry enterprises.', 0),
(47, 15, 'Преимущество', 'Advantages', 'Импортозамещение\r\nэкономия дорогостоящих металлов за счет утилизации отходов и многократного оборота металлов.\r\n', 'Import substitution\r\nsaving expensive metals by waste and multiple turnover metals.', 0),
(48, 17, 'Название', 'Name', 'Противоударный бронежилет \r\nсерии «Коралл»\r\n', 'Shock body armor Series "Coral"', 0),
(49, 17, 'Описание', 'Description', 'Разработан в 2004 г. Поставляется для под-разделений Министерства внутренних дел. Вы-пущено 4 638 шт. \r\nПредназначен для защиты от ударов холод-ным оружием, палками, камнями и др. предме-тами с энергией 30…40 Дж.\r\nЗащитная композиция обладает важной ха-рактеристикой - не прокалывается оружием с узким лезвием типа заточки, шила и др., что не-доступно для обычных тканевых бронепанелей. \r\nБронежилет имеет небольшую массу (1,9-2,4 кг), обладает хорошим дизайном и резервными возможностями на создание модификаций. \r\n', 'Developed in 2004, it delivered to units of the Ministry of Internal Affairs. You-started up 4638 pieces.\r\nDesigned for protection from the cold-shock-weapon, sticks, stones and others. Pieces with energy-ter ... 30 40 J.\r\nProtective composition has an important ha tics - no weapon pierced with a narrow blade-type sharpening awls et al., Which is not available for normal-tissue armor plates.\r\nThe vest has a small weight (1.9-2.4 kg), has a good design and backup capabilities to create modifications.', 0),
(50, 18, 'Название', 'Name', 'Противопульный бронежилет серии «Алмаз»\r\n', 'Bulletproof vest series "Diamond"', 0),
(51, 18, 'Описание', 'Description', 'Разработан в 1998 г. После модернизации в 2007 г. сертифицирован НП РНИИСЦ «Ржевка». Поставляется службам инкассации банков. Выпущено 3 491 шт.Предназначен для защиты от пуль револьверов и пистолетов, в т.ч. пуль со стальным сер-дечником пистолетов ТТ и ПСМ.Разработанная для бронежилета защитная композиция включает бронеслой ТМГ-1 (противопульный и антитравматический пакеты) Бр1 класса и мягкую бронепанель усиления Бр2 класса. Бронеслой ТМГ-1 используется в каче-стве общей защиты в бронежилетах других серий. ', 'Designed in 1998. After the modernization in 2007 certified NP RNIISTS "Rzhevka." Supplied collection service banks. Released 3491 pcs.Designed to protect against bullets revolveditch and pistols, including bullets with steel-gray dechnikom pistols TT and PSM.Designed for composition comprises a protective vest bronesloy TMG-1 (antivopulny and antitravmatichesky packages) BR1 class and the soft armor panels enhance Sp2 class. Bronesloy TMG-1 is used in the quality-stve general protection in flak jackets other series.', 0),
(52, 19, 'Название', 'Name', 'Противопульный бронежилет серии «Рубин»\r\n', 'Bulletproof vest series "Ruby"', 0),
(53, 19, 'Описание', 'Description', 'Разработан в 1997 г. модернизирован в 2007 и 2013 гг. Удобен и обладает хорошим дизай-ном, сертифицирован НП РНИИСЦ «Ржевка», Поставляется подразделениям МВД для личного состава патрульно-постовой службы (ППС) и Департамента охраны. Выпущено 10 677 шт.\r\nПредназначен для защиты от пуль револьве-ров, пистолетов и охотничьих ружей 12 калиб-ра.\r\nЗащитная композиция включает общую за-щиту (бронеслой ТМГ-1) Бр1 класса и бронепа-нели усиления броневой стали С1 класса ГОСТ Р 50744-95. Конструкция бронежилета позволя-ет усиление защиты до Бр4 класса заменой одно- типными бронепанелями броневой стали.\r\n', 'Designed in 1997, upgraded in 2007 and 2013. It is convenient and has a good sprinkler Mr. certified NP RNIISTS "Rzhevka" Comes the Interior Ministry for the personnel of the patrol service (PPS) and the Department of Conservation. Issued 10,677 units.\r\nDesigned to protect against bullets revolve-ditch, pistols and hunting rifles of caliber 12-ra.\r\nProtective composition comprises a total by-shield (bronesloy TMG-1) BR1 class and bronepa-panel gain armor steel C1 class GOST 50744-95. The design of the vest, allowing an enhanced protection class up Br4 replacing a single type of armor steel armor plates.', 0),
(54, 20, 'Название', 'Name', 'Противопульный бронежилет серии «Атравм»\r\n', 'Bulletproof vest series "Atravm"', 0),
(55, 20, 'Описание', 'Description', 'Разработан в 2006 г., модернизирован в 2013 г. Сертифицирован НП РНИИСЦ «Ржев-ка». Изготавливается как общевойсковой для Министерства обороны. Выпущено 1 423 шт.\r\nПредназначен для защиты от пуль стрел-кового оружия (, пистолетов, автоматов Ка-лашникова, винтовки Драгунова и др.).\r\nЗащитная композиция включает общую защиту (бронеслой ТМГ-1) Бр1 класса и бро-непанели усиления из броневой стали Бр4 класса. Конструкция предусматривает допол-нительный карман для усиления защиты кера-мическими бронепанелями Бр5, внутренний пояс, вшивной воротник, фартук и боковые карманы для дополнительных бронепанелей. \r\n', 'Designed in 2006 and renovated in 2013. Certified NP RNIISTS "Rzhev-ka." It is produced as a combined-arms for the Ministry of Defence. Released 1423 pcs.\r\nDesigned to protect against bullets, arrows kovogo weapons (pistols, submachine Ka-lashnikova, Dragunov rifles, and others.).\r\nProtective composition comprises a general protection (bronesloy TMG-1) BR1 class and bro-nepaneli gain from armor steel Br4 class. The design included additional pocket for strengthening the protection of Kerala nomic Br5 armor plates, the inner belt, sewn collar, apron and side pockets for optional armor plates.', 0),
(56, 21, 'Название', 'Name', 'Противопульный щит серии «ТМГ»\r\n', 'Bulletproof shield series "TMG"', 0),
(57, 21, 'Описание', 'Description', 'Разработан в 2006 г., модернизирован в 2014 г. Поставляются спецподразделениям си-ловых структур. Выпущено 144 шт.\r\nПредназначен для защиты от пуль стрел-кового оружия (пистолетов, автоматов Калаш-никова, снайперской винтовки Драгунова).\r\n Щит имеет стальной экран общей площа-дью 55 дм2 со смотровым окном, откидной фартук с дополнительным бронеэлементом 8 дм2, яркую цель-обманку или фонарь. Общая масса щита 30 кг. Щит может изготавливаться Бр2, Бр3, Бр4 классов ГОСТ Р 50744-95 изм. №3 и модификации «Щиток».\r\nЩит комплектуется транспортной систе-мой ТС-5 и щитовым фонарём (по заказу).\r\n', 'Designed in 2006 and renovated in 2014 supplied special forces B mal structures. Issued 144 pcs.\r\nDesigned to protect against bullets, arrows kovogo weapons (pistols, submachine Kalash-nikov, Dragunov sniper rifle).\r\n Shield has a steel screen-Dew total surface area of ​​55 dm 2 with window, hinged apron with additional armor elements 8 dm 2, a bright goal-hornblende or lantern. The total weight of the shield 30 kg. The shield may be made Sp2, Br3, Br4 class GOST 50744-95 rev. №3 and modifications "Shield."\r\nShield set of transport systems TC-5 is my shield and torch (optional).', 0),
(58, 22, 'Название', 'Name', 'Коллективная бронезащита ', 'Collective body armor', 0),
(59, 22, 'Описание', 'Description', 'Защитная бронепанель для штабных ма-шин постоянного объёма обеспечивает защиту от осколков и пуль за счёт встроенных броне-вых листов по 2 кл. ГОСТ Р 50744-95 изм. №2.\r\nЗащитная панель «Мягкая броня» для штабных машин с переменным объёмом «Ба-бочка» обеспечивает защиту от осколков и пуль за счёт навесных мягких бронепанелей специальной конструкции, которая защищена патентом, по Бр1 ГОСТ Р 50744-95 изм. №3.\r\nЗащитные панели разработаны в 2007 г. и установлены на опытной серии штабных ма-шин Министерства обороны Беларуси.\r\n', 'Protective armor panels for staff vehicles constant volume provides protection against fragments and bullets due to the built-in armor-O sheets for 2 cl. GOST 50744-95 rev. №2.\r\nCover panel "soft armor" for staff vehicles with variable volume "Ba-barrel" provides protection against fragments and bullets due to the soft armor panels mounted a special design, which is protected by patent, by BR1 GOST R 50744-95 rev. No. 3.\r\nProtective panel developed in 2007 and installed in a pilot-scale series ma-tire of the Defense Ministry of Belarus.', 0),
(60, 24, 'Назначение', 'Appointment:', '• рафинирование металлических материалов <br>\r\n• закалка поверхности изделий <br>\r\n• комбинированные и совмещенные процессы электронно-лучевого упрочнения сталей и сплавов <br>\r\n• сварка деталей из однородных и разнородных металлов и сплавов <br>\r\n• пайка однородных и разнородных материалов <br>\r\n• реализация аддитивных технологий.', '• refining of metallic materials <br>\r\n• hardening of the surface of products <br>\r\n• Combined and combined processes of electron-beam hardening steels and alloys <br>\r\n• welding parts of similar and dissimilar metals and alloys <br>\r\n• brazing of homogeneous and heterogeneous materials <br>\r\n• implementation of additive technologies. <br>', 0),
(61, 24, 'Технические характеристики:', 'Specifications:', 'Комплекс включает: <br>\r\n• вакуумную систему (габаритные размеры вакуумной камеры Ø1350х2500 мм и вакуумные насосы) <br>\r\n• блок энергопитания с электронной пушкой. <br>\r\nУскоряющее напряжение 					60 кВ<br>\r\nМаксимальная мощность в луче 				15 кВт<br>\r\nОстаточное давление 					10-2 Па<br>\r\nВремя откачки, необходимое для\r\nдостижения рабочего вакуума в камере 			не более 10 мин.\r\nВозможна обработка изделий диаметром до 900 мм и длиной до 2000 мм.', 'The complex includes: <br>\r\n• vacuum system (dimensions of the vacuum chamber Ø1350h2500 mm and vacuum pumps) <br>\r\n• Power supply unit with an electron gun.\r\nThe accelerating voltage of 60 kV <br>\r\nMaximum power in a beam of 15 kW <br>\r\nThe residual pressure of 10-2 Pa <br>\r\nPumping time required for\r\nachieve working vacuum in the chamber is not more than 10 min. <br>\r\nMachining of articles with a diameter of 900 mm and a length of 2000 mm.', 0),
(62, 24, 'Преимущества:', 'Advantages:', 'Возможность обработки путем нагрева и расплавления практически всех металлов и сплавов (на основе Fe, Cu, Al, Ni, Co и др.), в том числе высокочистых (Nb и др.) и высокоактивных (Ti, Zr и др.).', 'Ability to treatment by heating and melting virtually all metals and alloys (based on Fe, Cu, Al, Ni, Co et al.), Including high-purity (Nb, etc.) And high level (Ti, Zr, etc.).', 0),
(63, 24, 'Область применения', 'Application area:', 'Машиностроение, авиастроение, турбо- и судостроение, энергомашиностроение, атомная энергетика, инструментальное производство, автомобильная и химическая промышленность, электрофизическая ускоряющая аппаратура и др.', 'Machinery, aircraft, generators and shipbuilding, power, nuclear power engineering, toolmaking, automotive and chemical industries, accelerating electrophysical equipment and others.', 0),
(64, 25, 'Назначение', 'Appointment:', 'Получение соединений материалов при ЭЛ воздействии в режиме глубокого проплавления, в том числе из разнородных металлических материалов и ограниченно сваривающихся сталей.', 'Preparation of compounds of materials in the EL exposure mode of deep penetration, including of dissimilar metallic materials, and limited weldability steels.', 0),
(65, 25, 'Технические характеристики:', 'Specifications:', 'Глубина проплавления 				0,1–60,0 мм <br>\r\nСкорость проплавления 				1–25 мм/с <br>\r\nОтношение глубины проплавления к ширине шва 	до 50:1 <br>\r\nКоэффициент прочности шва 				0,9–1,0 от прочности основного металла.\r\n', 'The depth of penetration of 0,1-60,0 mm <br>\r\nThe rate of penetration of 1-25 mm / sec <br>\r\nThe ratio of the depth of penetration to the joint width of up to 50: 1 <br>\r\n0.9-1.0 seam strength ratio of the strength of the base metal.', 0),
(66, 25, 'Преимущества:', 'Advantages:', 'Возможность сварки изделий из сталей, Al, Cu, Ti, Nb и их сплавов и разнородных материалов (сталь – медь, сталь – алюминий и др.), термически упрочненных материалов.\r\nНезначительные термические деформации изделия. <br>\r\nВозможность сварки тонко- и толстостенных деталей, тугоплавких и химически активных металлов. <br>\r\nРазработанные технологии ЭЛ сварки обеспечивают изготовление узлов станков и автомобилей из конструкционных сталей со снижением материалоемкости до 50%.\r\n', 'Ability welding of steels, Al, Cu, Ti, Nb and their alloys and dissimilar materials (steel - copper, steel - aluminum, etc.), Thermally hardened materials. <br>\r\nMinor thermal deformation of the product.\r\nWelding of thin and thick parts, refractory and reactive metals. <br>\r\nThe developed technologies allow production of EB welding units machines and vehicles from structural steels with reduced material consumption up to 50%.', 0),
(67, 25, 'Область применения', 'Application area:', 'Машиностроение, турбо-, авиа- и судостроение, энергомашиностроение, атомная энергетика, инструментальное производство, автомобильная и химической промышленность, электрофизическая ускоряющая аппаратура и др.', 'Machinery, generators, aircraft and shipbuilding, power, nuclear power engineering, toolmaking, automotive and chemical industries, accelerating electrophysical equipment and others.', 0),
(68, 26, 'Назначение', 'Appointment:', 'Получение соединений разнородных материалов (керамика – металл, СТМ – подложка) с использованием адгезионно-активных сплавов на основе Cu и Ag', 'Preparation of compounds dissimilar materials (ceramic - metal STM - substrate) using the adhesively-active Cu-based alloys, and Ag', 0),
(69, 26, 'Технические характеристики:', 'Specifications:', 'Время пайки  						1–2 мин <br>\r\nЭнергозатраты на изделие 				10–20 кДж <br>\r\nПрочность соединений «СТМ–основа»: <br>\r\n• на растяжение 					до 120 МПа <br>\r\n• на сдвиг 						до 300 МПа <br>', 'Soldering time 1-2 minutes <br>\r\nPower consumption of the product 10-20 kJ <br>\r\nThe strength of "STM basis":<br>\r\n• tension of up to 120 MPa<br>\r\n• shear to 300 MPa', 0),
(70, 26, 'Преимущества:', 'Advantages:', 'Возможность обработки лезвийным инструментом с элементами из кубического нитрида бора (КНБ) и поликристаллического алмаза (ПКА) материалов с твердостью до HRC 60-75, цветных сплавов (в т.ч. Al-Si), керамики (силицированного графита, карбида кремния и др.) со скоростью резания 10–50 м/с.\r\nВысокая точность обработки, шероховатость обрабатываемой поверхности – 0,63–0,05 мкм.\r\nПовышение стойкости инструмента – до 50 раз.\r\n', 'Ability to handle blade tool with elements of cubic boron nitride (CBN) and polycrystalline diamond (PCD) materials with hardness up to HRC 60-75, nonferrous alloys (including Al-Si), ceramics (siliconized graphite, silicon carbide, etc. .) with a cutting speed of 10-50 m / s.\r\nHigh precision machining, surface roughness of the treated - 0,63-0,05 m.\r\nIncreased tool life - up to 50 times.', 0),
(71, 26, 'Область применения', 'Application area:', 'Машиностроение, инструментальное производство', 'Engineering, toolmaking', 0),
(72, 27, 'Назначение', 'Appointment:', 'Модифицирование свойств поверхности деталей из конструкционных и инструментальных сталей, сплавов алюминия и меди путем <br>\r\n- закалки из твердого или жидкого состояния, <br>\r\n- нанесения упрочняющих покрытий наплавкой, <br>\r\n- комбинированных или совмещенных методов (ЭЛ обработка предварительно нанесенных известными методами слоев или покрытий с толщинами от десятков до сотен микрометров).\r\n', 'Modification of the surface properties of parts made of structural and tool steels, aluminum alloys and copper by <br>\r\n- Hardening of a solid or liquid state, <br>\r\n- Deposition of hardening coatings welding, <br>\r\n- Combined or combined methods (EB processing previously applied by known methods of coating layers or thicknesses ranging from tens to hundreds of micrometers).', 0),
(73, 27, 'Технические характеристики:', 'Specifications:', 'Глубина модифицированного слоя 			0,1–5 мм <br>\r\nВремя обработки одной детали 				 ~1–60 с <br>\r\nЗакалка из твердого или жидкого состояний путем скоростного нагрева точечным либо развернутым лучом изделия <br>\r\nОхлаждение – отводом в холодную сердцевину детали\r\n', 'The depth of the modified layer of 0.1-5 mm <br>\r\nThe processing time of one detail ~ 1-60 with <br>\r\nHardening of a solid or liquid state by the high-speed heating point or expanded beam products <br>\r\nCooling - tap into the cold core parts', 0),
(74, 27, 'Преимущества:', 'Advantages:', 'Локальное упрочнение <br>\r\nПовышение стойкости после ЭЛ закалки по сравнению с изделиями после закалки с печного нагрева – в 1,2–2 раза <br>\r\nПовышение износостойкости после реализации \r\nкомбинированных или совмещенных методов – 3-5 раз\r\n', 'Local hardening <br>\r\nIncreased resistance after hardening compared EL\r\nwith products after quenching furnace heating - 1.2-2 times <br>\r\nIncreased wear resistance after the implementation <br>\r\ncombined or reciprocally methods - 3-5', 0),
(75, 27, 'Область применения', 'Application area:', 'Машиностроение, инструментальное производство <br>\r\n\r\nПри закалке поверхности сталей без оплавления для слоя глубиной 0,1-5 мм достигается твердость НRC 65-68. При закалке с оплавлением чугунов формируется слой глубиной 0,5-5 мм с микротвердостью до 16-17 ГПа. \r\nСовмещенные и комбинированные методы упрочнения деталей из конструкционных и инструментальных сталей, сплавов титана, алюминия и меди обеспечивает их работу в условиях трения, изгибающих и ударных нагрузок, коррозионных сред. Позволяют получать металлические и композиционные покрытия (на основе Ni-Al, WC, Si, B, TiO2, Ni-Тi и др.) на поверхности изделий из сталей и титановых сплавов толщиной от долей миллиметра до нескольких миллиметров, твердостью до НRC 63-65. Износостойкость покрытий системы Ni-Al при газоабразивном изнашивании и трении увеличивается в 2-3 раза, защитная способность - в 10-12 раз, скорость коррозии снижается в 2-4 раза по сравнению с исходным состоянием.\r\n', 'Engineering, toolmaking <br>\r\n\r\nWhen hardened steels without melting the surface layer to a depth of 0.1-5 mm achieved hardness HRC 65-68. Quenching melting iron layer is formed to a depth of 0.5-5 mm microhardness to 16-17 GPa.\r\nCombined and combined methods of hardening of details of structural and tool steels, titanium alloys, aluminum and copper ensures their work in conditions of friction, bending and impact loads, corrosive environments. And allow to obtain composite metal coating (based on Ni-Al, WC, Si, B, TiO2, Ni-Ti et al.) On the surface of articles made of steels and titanium alloys in thickness from a fraction of a millimeter to a few millimeters, up to a hardness of HRC 63-65 . The wear resistance of coatings Ni-Al with the gas-abrasive wear and friction is increased by 2-3 times, defensive ability - 10-12 times, the corrosion rate decreases by 2-4 times compared with the initial state.', 0),
(76, 28, 'Назначение', 'Appointment:', 'Очистка металлов и сплавов от примесей и неметаллических включений, удаление поверхностных дефектов, получение многокомпонентных сплавов и покрытий, мишеней-катодов (Cr, Ti, Zr, Ti с Cr, Al, Zr) для дуговых и магнетронных систем распыления', 'Purification of metals and alloys from non-metallic inclusions and impurities, removing surface defects, obtaining multicomponent alloys and coatings target cathodes (Cr, Ti, Zr, Ti with Cr, Al, Zr) arc and magnetron sputtering systems', 0),
(77, 28, 'Преимущества:', 'Advantages:', 'Снижение неметаллических включений в сталях – в 1,5–7 раза суммарного количества\r\nПовышение твердости теплостойких сталей (оплавление и ЭЛ закалка) – на НRC 2–3 по сравнению с твердостью после объемной закалки\r\nПовышение теплопроводности рафинированных сталей в диапазоне 20–500°С – до 50%\r\nСнижение содержания примесей в хроме марки ВХ-2К – до 70 раз\r\nПовышение износостойкости металлорежущего инструмента с многокомпонентными покрытиями (Ti,Al) N, (Ti,Zr)N и(Zr,Al)N по сравнению <br>\r\n• с инструментом без покрытий в 1,6–2,5 раза <br>\r\n• с инструментом со слоями TiN в 1,5–1,6 раза\r\n', 'Reduction of non-metallic inclusions in steel - in 1,5-7 times the total amount of\r\nIncreased hardness of heat-resistant steels (EB melting and quenching) - by 2-3 HRC compared with the hardness after quenching the bulk\r\nIncreasing the thermal conductivity of steel refined in the range 20-500 ° C - 50%\r\nDecreasing the amount of impurities in chromium grade BX-2K - 70 times\r\nImproving the wear resistance of cutting tools with the multi-component coatings (Ti, Al) N, (Ti, Zr) N and (Zr, Al) N relative <br>\r\n• a tool without coating in 1,6-2,5 times <br>\r\n• a tool with layers of TiN 1.5-1.6 times', 0),
(78, 28, 'Область применения', 'Application area:', 'Мишени-катоды для дуговых и магнетронных систем распыления', 'Tee-cathode arc and magnetron sputtering systems', 0),
(79, 29, 'Сравнение', 'Сomparison', 'По сравнению с объемной закалкой ионное азотирование обеспечивает повышение:<br>\r\n• износостойкости, <br>\r\n• усталостной выносливости, <br>\r\n• антизадирных свойств, <br>\r\n• теплостойкости, <br>\r\n• коррозионной стойкости. <br>\r\nПо сравнению с газовым азотированием в печи ионное азотирование обеспечивает: <br>\r\n• сокращение продолжительности обработки в 2-5 раз; <br>\r\n• снижение расхода рабочих газов в 20-100 раз;<br>\r\n• уменьшение расхода электроэнергии в 1,5-3 раза; <br>\r\n• исключение операции депассивации поверхности в галогенсодержащей среде; <br>\r\n• простоту экранной защиты от азотирования неупрочняемых поверхностей; <br>\r\n• предотвращение повышенной хрупкости слоя; <br>\r\n• полное соответствие всем требованиям по охране окружающей среды. <br>\r\n', 'Compared to bulk quenching enhances ion nitriding: <br>\r\n• durability, <br>\r\n• fatigue endurance, <br>\r\n• ANTI properties, <br>\r\n• heat resistance, <br>\r\n• corrosion resistance. <br>\r\nAs compared with the gas nitriding in the furnace ion nitriding provides: <br>\r\n• reduction of processing time by 2-5 times; <br>\r\n• reduce the consumption of working gas 20-100 times; <br>\r\n• Reducing energy consumption by 1.5-3 times; <br>\r\n• Removing surface depassivation operation into a halogen environment; <br>\r\n• ease of shielding from the nitriding neuprochnyaemyh surfaces; <br>\r\n• preventing increased brittleness of the layer; <br>\r\n• full compliance with all the requirements for environmental protection. <br>', 0),
(80, 29, 'Область применения', 'Application area:', 'Автомобильные, тракторные, авиационные, судостроительные и судоремонтные, машиностроительные заводы, заводы по производству сельскохозяйственной техники, насосного и компрессорного оборудования, шестерен, подшипников, алюминиевых профилей, энергетических установок и др.', 'Car, tractor, aviation, shipbuilding and ship repair, machine-building plants, factories for the production of agricultural machinery, pump and compressor equipment, gears, bearings, aluminum profiles, power plants and others.', 0);
INSERT INTO `product_field` (`id`, `product_id`, `key_ru`, `key_en`, `value_ru`, `value_en`, `priority`) VALUES
(81, 29, 'Особенности', 'Features', 'Возможность управления химической активностью разряда в зависимости от марки обрабатываемого материала, площади упрочняемой садки и температуры процесса. Такая возможность обеспечивается благодаря присутствию аргона в составе рабочей газовой смеси и независимому управлению давлением в камере и расходом каждого из компонент рабочей газовой смеси. По мере увеличения обрабатываемой площади садки деталей рабочее давление в камере снижается для обеспечения устойчивого аномального тлеющего  разряда, а для сохранения необходимой химической активности разряда доля азота в составе газовой смеси  увеличивается, с тем, чтобы сохранить постоянной плотность потока азота, которая выбирается в зависимости от марки стали, чугуна, титанового сплава  независимо от обрабатываемой площади. Такой подход к реализации процесса ионной ХТО обеспечивает серийную устойчивость технологии – т.е. воспроизводимость результатов обработки независимо от степени загрузки камеры, что особенно актуально в условиях серийного производства изделий. Для реализации в промышленных условиях технологии ионной ХТО в ФТИ НАН Беларуси разработан ряд моделей установок с различными размерами рабочего пространства камер дверного, колпакового или шахтного типа (таблица). Установки комплектуются серийными силовыми трансформаторами мощностью 25, 40, 63 и 100 кВА. Оборудование с различными модификациями размеров рабочей камеры выполняется в соответствии с конкретными запросами заказчиков.', 'The ability to control the reactivity of discharge depending on the grade of the processed material, hardenable square cages and the process temperature. This is made possible by the presence of argon gas in the working mixture and independent control of the pressure in the chamber and the flow rate of each of the components in the gas mixture. As the area to be treated cages parts working pressure in the chamber is reduced to provide sustained abnormal glow discharge, and to maintain the necessary chemical activity discharge fraction of nitrogen in the gas mixture is increased in order to maintain a constant density of the nitrogen stream, which is selected depending on the brand steel, titanium alloy independently of the cultivated area. This approach to the implementation process of ion HTO provides serial resistance technology - ie the reproducibility of the processing irrespective of the loading chamber, which is especially important in the conditions of serial production.\r\nTo implement the technology in an industrial environment in the PTI ion XTO NASB developed a number of models of systems with different sizes of cameras workspace door, or bell-shaft type (Table). Installation set serial power transformers 25, 40, 63 and 100 kVA. Equipment sizes with various modifications of the working chamber is performed according to specific customer ', 0),
(82, 29, 'Особенности оборудования', 'Features equipment', '- в установках используется смесь, состоящая из 4 газов: азот, аргон, водород и углеродсодержащий газ (метан либо ацетилен), причем водород получается автономно, из генератора водорода (электролизера), работающего на дистиллированной воде; <br>\r\n- электропитание катода – импульсное, с регулируемой длительностью импульса и паузы; <br>\r\n- управление процессом полностью автоматизировано (используется контроллер и панель оператора производства «Mitsubishi»);  <br>\r\n- управление давлением в камере и расходами каждого из 4 газов – независимое;\r\n- охлаждение рабочей камеры в процессе работы – водяное; \r\n- размеры рабочего пространства камеры могут быть любые, исходя из габаритов обрабатываемых деталей и разовой загрузки деталей в камеру; камера может быть дверного, колпакового, шахтного,  комбинированного типа; <br>\r\n - совокупность перечисленных принципов позволяет на оборудовании ФТИ обрабатывать стали различных марок: конструкционные,  инструментальные, быстрорежущие, нержавеющие, чугуны любых марок и титановые славы; <br>\r\n - в камере, выполненной с дополнительным источником резистивного нагрева и системой волокнистой теплоизоляции, возможно азотирование изделий из титана и титановых сплавов, а также проведение процессов ионной цементации и нитроцементации.\r\nПри отсутствии у заказчика оборудования для подготовки деталей (обезжиривания) перед ионной ХТО в комплект поставки может входить ультразвуковая линия обезжиривания, состоящая из трех ванн – ультразвуковой отмывки, ополаскивания и сушки.\r\n', '- в установках используется смесь, состоящая из 4 газов: азот, аргон, водород и углеродсодержащий газ (метан либо ацетилен), причем водород получается автономно, из генератора водорода (электролизера), работающего на дистиллированной воде; <br>\r\n- электропитание катода – импульсное, с регулируемой длительностью импульса и паузы; <br>\r\n- управление процессом полностью автоматизировано (используется контроллер и панель оператора производства «Mitsubishi»);  <br>\r\n- управление давлением в камере и расходами каждого из 4 газов – независимое;\r\n- охлаждение рабочей камеры в процессе работы – водяное; \r\n- размеры рабочего пространства камеры могут быть любые, исходя из габаритов обрабатываемых деталей и разовой загрузки деталей в камеру; камера может быть дверного, колпакового, шахтного,  комбинированного типа; <br>\r\n - совокупность перечисленных принципов позволяет на оборудовании ФТИ обрабатывать стали различных марок: конструкционные,  инструментальные, быстрорежущие, нержавеющие, чугуны любых марок и титановые славы; <br>\r\n - в камере, выполненной с дополнительным источником резистивного нагрева и системой волокнистой теплоизоляции, возможно азотирование изделий из титана и титановых сплавов, а также проведение процессов ионной цементации и нитроцементации.\r\nПри отсутствии у заказчика оборудования для подготовки деталей (обезжиривания) перед ионной ХТО в комплект поставки может входить ультразвуковая линия обезжиривания, состоящая из трех ванн – ультразвуковой отмывки, ополаскивания и сушки.\r\n', 0),
(83, 32, 'Область применения', 'Application area:', 'Инструмент для обработки металлов, древесины и пластмасс.', 'Tools for metal, wood and plastics.', 0),
(84, 32, 'Материалы покрытия', 'coating materials', 'Комбинация наноструктурированных слоев на основе тугоплавких металлов (Ti, Zr, Mo, Cr и др.), их нитридов, карбидов, карбонитридов, оксикарбонитридов и алмазоподобного углерода.', 'The combination of nanostructured layers based on refractory metals (Ti, Zr, Mo, Cr, and others.), Their nitrides, carbides, carbonitrides, oxycarbonitrides, and diamond-like carbon.', 0),
(85, 32, 'Технические характеристики:', 'Specifications:', 'Количество слоев покрытия 2 – 10 <br>\r\nТолщина покрытия, мкм 0,5 – 5 <br> \r\nМикротвердость, ГПа 30 – 85 <br> \r\nРабочая температура, С	400 – 1200 <br> \r\nУвеличение рабочего ресурса в 2 – 5 раз (в зависимости от обрабатываемого материала).', 'Number of coats 2 - 10 <br>\r\nThe coating thickness, 0.5 mm - 5 <br>\r\nMicrohardness, GPa 30 - 85 <br>\r\nOperating temperature,? C 400 - 1200 <br>\r\nLengthening of the resource in the 2 - 5 times (depending on the material).', 0),
(86, 32, 'Преимущества:', 'Advantages:', 'Улучшение качества, уменьшение времени обработки и затрат на переналадку оборудования, снижение энергозатрат, ресурсосбережение, экономия валютных средств.', 'Improving quality, reducing processing time and cost of changeovers, reduced energy consumption, resource-saving exchange of funds.', 0),
(87, 33, 'Назначение', 'Appointment:', 'Диагностика заболеваний опорно-двигательной системы, выбор и индивидуальная подгонка ортопедических стелек, контроль ортопедической коррекции.', 'Diagnosis of diseases of the musculoskeletal system, the selection and custom fitting of orthopedic insoles, orthopedic correction control.', 0),
(88, 33, 'Область применения', 'Application area:', 'Лечебно-профилактические учреждения, реабилитационные центры, спортивные организации, обувная промышленность и другие отрасли, где требуется выработка специальных навыков координации движения.', 'Health care facilities, rehabilitation centers, sports organizations, footwear and other industries that require special skills to develop coordination of movement.', 0),
(89, 33, 'Технические характеристики:', 'Specifications:', 'Диапазон регистрации давления, МПа 			0 – 1 <br>\r\nМаксимальная приведенная погрешность, не более, %	10 <br>\r\nЦикл регистрации, с								20 <br>\r\nРазмер тензосистемы, мм							170 – 310 <br>\r\nКоличество тензопреобразователей, шт.					32 – 48 <br>\r\n', 'Range registering pressure MPa 0 - 1 <br>\r\nMaximum reduced error, no more 10% <br>\r\nThe cycle of registration, with 20 <br>\r\nSize tenzosistemy mm 170 - 310 <br>\r\nNumber tensoconverters, pcs. 32 - 48 <br>', 0),
(90, 33, 'Описание', 'Description:', 'Тензосистема комплекса выполнена в виде тонких стелек, размещаемых в обуви, по поверхности которых в точках характерных биомеханических нагрузок расположены тензодатчики. Сигналы от тензодатчиков, прямо пропорциональные оказываемому давлению, регистрируются комплексом автономно в реальном масштабе времени.\r\nАналитическая обработка данных осуществляется с помощью специального программного обеспечения и дает возможность принятия объективного решения о степени патологии, выборе методов ортопедической коррекции, а также получения оптимального профиля и оценки эффективности индивидуальных корректирующих элементов с высокой точностью.\r\n', 'The tensor of the complex system is designed as a thin insole placed in the shoe, on the surface at points where the characteristic biomechanical stress strain gauges are located. The signals from the strain gauges are directly proportional to the pressures, recording facility autonomously in real time.\r\nAnalytical data processing is carried out with the help of special software, and gives you the possibility of taking an objective decision about the extent of pathology, the choice of orthopedic correction, as well as the optimum profile and assess the effectiveness of individual correcting elements with high accuracy.', 0),
(91, 34, 'Назначение', 'Appointment:', 'Изделия машиностроения, электронной и часовой промышленности.', 'Engineering products, electronic and gas industry.', 0),
(92, 34, 'Технические характеристики:', 'Specifications:', 'Напряжение пробоя, не менее, В			2000 <br>\r\nИзносостойкость, не менее,  мм3/Н•м		1•10-8 <br>\r\nМаксимальная толщина, мкм			70 <br>\r\nТеплопроводность заготовки, Вт/м•К		120 <br>\r\nШероховатость, мкм					0,05 <br>\r\nТвердость, ГПа					8 ', 'Breakdown voltage, not less, in 2000 <br>\r\nDurability, however, mm3 / N • m 1 • 10-8 <br>\r\nThe maximum thickness of 70 microns <br>\r\nThe thermal conductivity of the workpiece W / m • K 120 <br>\r\nRoughness, micron 0,05 <br>\r\nHardness, GPa 8', 0),
(93, 34, 'Преимущества:', 'Advantages:', 'Покрытия характеризуются значительными износо- и коррозийной стойкостью, высокой твердостью, проявляют хорошие электроизоляционные свойства и обладают высокими декоративными качествами. Возможно применение технологии для изготовления заготовок печатных плат, осветительного оборудования на основе SMD LED элементов. Допускается последующее декоративное окрашивание оксида алюминия.', 'The coatings are characterized by high wear and corrosion resistance, high hardness, exhibit good electrical insulation properties and have high decorative qualities. Perhaps the use of technology for the production of billets of printed circuit boards, lighting equipment based on SMD LED elements. Allowed the subsequent painting decorative aluminum oxide.', 0),
(94, 35, 'Назначение', 'Appointment:', 'Используется для обработки изделий из нержавеющих и углеродистых сталей, медных, титановых и алюминиевых сплавов при производстве медицинской и бытовой техники, изделий электротехники, ювелирных изделий, в машиностроении, часовой промышленности и т.п.', 'It is used for processing of stainless and carbon steels, copper, titanium and aluminum alloys in the manufacture of medical and household appliances, electrical products, jewelry, engineering, watch industry, etc.', 0),
(95, 35, 'Технические характеристики:', 'Specifications:', 'Увеличение коррозионной стойкости, раз	2 – 3 <br>\r\nШероховатость поверхности Ra, мкм 		0,05 – 0,12 <br>\r\nПлотность тока, А/см2				0,15 – 0,45 <br>\r\nРабочее напряжение, В				220 – 340 <br>\r\nТемпература электролита, С			70 – 90 <br>\r\nВремя обработки изделий, мин	0,5 – 10 (в зависимости от размера и материала изделия)\r\n', 'Breakdown voltage, not less, in 2000 <br>\r\nDurability, however, mm3 / N • m 1 • 10-8 <br>\r\nThe maximum thickness of 70 microns <br>\r\nThe thermal conductivity of the workpiece W / m • K 120 <br>\r\nRoughness, micron 0,05 <br>\r\nHardness, GPa 8', 0),
(96, 36, 'Назначение', 'Appointment:', 'Защита поверхности имплантатов, используемых в травматологии, ортопедии, стоматологии и других областях медицины', 'Protect the surface of implants used in traumatology, orthopedics, dentistry and other areas of medicine', 0),
(97, 36, 'Технические характеристики:', 'Specifications:', 'Толщина, мкм 0,08 – 0,25 <br>\r\nСодержание серебра, ат. % 0 – 8 <br>\r\nРазмер частиц серебра в аморфной углеродной матрице, нм  3 – 15 <br>\r\n', 'Thickness mm 0,08 - 0,25 <br>\r\nThe content of silver atom. 0% - 8 <br>\r\nThe size of the silver particles in the amorphous carbon matrix, nm 3 - 15 <br>', 0),
(98, 36, 'Преимущества:', 'Advantages:', 'Биосовместимость, цитотоксичность, высокая бактерицидность', 'Biocompatibility, cytotoxicity, high bactericidal', 0),
(99, 37, 'Назначение', 'Appointment:', 'Улучшение свойств биосовместимости, износостойкости и коррозионной стойкости медицинских имплантатов из титановых сплавов, используемых в травматологии, хирургии позвоночника, ортопедии, стоматологии. Цветовая кодировка имплантатов совместно с крепежными изделиями для упрощения проведение хирургических операций.', 'Improving the properties of biocompatibility, wear resistance and corrosion resistance of medical implants made of titanium alloys used in traumatology, spinal surgery, orthopedics, dentistry. Color coded implant together with fasteners to facilitate surgery.', 0),
(100, 37, 'Технические характеристики:', 'Specifications:', 'Толщина покрытия, мкм 0,05–5,0; <br>\r\nЦветовая гамма покрытий				от красного до синего, серый; <br>\r\nУвеличение коррозионной стойкости, %		40\r\n', 'The coating thickness, 0.05-5.0 mm; <br>\r\nThe color range covers from red to blue, gray; <br>\r\nIncreased corrosion resistance, 40%', 0),
(101, 37, 'Преимущества:', 'Advantages:', 'Покрытия обеспечивают необходимые медико-биологические и защитные свойства поверхности имплантатов, служат барьерным слоем для проникновения ионов металлов в организм человека.', 'The coatings provide the required biomedical and protective properties of the implant surface, the barrier layer serves for penetration of metal ions in the human body.', 0);

--
-- Indexes for dumped tables
--

--
-- Indexes for table `department`
--
ALTER TABLE `department`
 ADD PRIMARY KEY (`id`), ADD UNIQUE KEY `url` (`url`);

--
-- Indexes for table `product`
--
ALTER TABLE `product`
 ADD PRIMARY KEY (`id`);

--
-- Indexes for table `product_field`
--
ALTER TABLE `product_field`
 ADD PRIMARY KEY (`id`);

--
-- AUTO_INCREMENT for dumped tables
--

--
-- AUTO_INCREMENT for table `department`
--
ALTER TABLE `department`
MODIFY `id` int(6) unsigned NOT NULL AUTO_INCREMENT,AUTO_INCREMENT=39;
--
-- AUTO_INCREMENT for table `product`
--
ALTER TABLE `product`
MODIFY `id` int(6) unsigned NOT NULL AUTO_INCREMENT,AUTO_INCREMENT=40;
--
-- AUTO_INCREMENT for table `product_field`
--
ALTER TABLE `product_field`
MODIFY `id` int(8) unsigned NOT NULL AUTO_INCREMENT,AUTO_INCREMENT=102;
/*!40101 SET CHARACTER_SET_CLIENT=@OLD_CHARACTER_SET_CLIENT */;
/*!40101 SET CHARACTER_SET_RESULTS=@OLD_CHARACTER_SET_RESULTS */;
/*!40101 SET COLLATION_CONNECTION=@OLD_COLLATION_CONNECTION */;
